{"cameraMode":{"drawMode":0,"name":"Shaded","section":"Shading Mode"},"sceneLighting":true,"audioPlay":false,"sceneViewState":{"m_AlwaysRefresh":true,"showFog":true,"showSkybox":true,"showFlares":false,"showImageEffects":true,"showParticleSystems":true,"showVisualEffectGraphs":true,"m_FxEnabled":true},"in2DMode":false,"pivot":{"x":-0.0299999862909317,"y":0.14999999105930329,"z":-8.685464859008789},"rotation":{"x":-0.2814415395259857,"y":-0.009502356871962548,"z":0.0027878631372004749,"w":-0.9595302939414978},"size":2.366025447845459,"orthographic":false}